<?xml version="1.0" encoding="utf-8"?>
<!--/723742/1238926/2.50/8/2/Connector/-->
<quadcept_library>
  <setting unit="mil" />
  <textstyle name="Default" height="47.244094488189" strokewidth="7.8740157480315" charwidth="47.244094488189" />
  <textstyle name="Dimension" height="19.6850393700787" strokewidth="0" charwidth="19.6850393700787" />
  <textstyle name="H127W0635TH00762" height="50" strokewidth="3" charwidth="25" />
  <textstyle name="H15W15TH02" height="59.0551181102362" strokewidth="7.8740157480315" charwidth="59.0551181102362" />
  <padstyle name="c153_h102" surface="False" plated="True" isvia="False" nopaste="True" nomask="True" complex="False" holesize="40.15748031496">
    <padshape layer="TOP" shape="round" width="60.23622047244" height="60.23622047244" />
    <padshape layer="TOP_SOLDER_MASK" shape="round" width="68.110236220472" height="68.110236220472" />
    <padshape layer="INNER" shape="round" width="60.23622047244" height="60.23622047244" />
    <padshape layer="BOTTOM" shape="round" width="60.23622047244" height="60.23622047244" />
    <padshape layer="BOTTOM_SOLDER_MASK" shape="round" width="68.110236220472" height="68.110236220472" />
  </padstyle>
  <padstyle name="s153_h102" surface="False" plated="True" isvia="False" nopaste="True" nomask="True" complex="False" holesize="40.15748031496">
    <padshape layer="TOP" shape="square" width="60.23622047244" height="60.23622047244" />
    <padshape layer="TOP_SOLDER_MASK" shape="square" width="68.110236220472" height="68.110236220472" />
    <padshape layer="INNER" shape="square" width="60.23622047244" height="60.23622047244" />
    <padshape layer="BOTTOM" shape="square" width="60.23622047244" height="60.23622047244" />
    <padshape layer="BOTTOM_SOLDER_MASK" shape="square" width="68.110236220472" height="68.110236220472" />
  </padstyle>
  <footprint name="37946328" originx="0" originy="0" pickpointx="0" pickpointy="0">
    <pcbpin number="1" name="1" style="s153_h102" originx="0" originy="0" rotation="90" />
    <pcbpin number="2" name="2" style="c153_h102" originx="0" originy="-118.11023622047" rotation="90" />
    <pcbpin number="3" name="3" style="c153_h102" originx="-118.11023622047" originy="0" rotation="90" />
    <pcbpin number="4" name="4" style="c153_h102" originx="-118.11023622047" originy="-118.11023622047" rotation="90" />
    <pcbpin number="5" name="5" style="c153_h102" originx="-236.22047244094" originy="0" rotation="90" />
    <pcbpin number="6" name="6" style="c153_h102" originx="-236.22047244094" originy="-118.11023622047" rotation="90" />
    <pcbpin number="7" name="7" style="c153_h102" originx="-354.33070866141" originy="0" rotation="90" />
    <pcbpin number="8" name="8" style="c153_h102" originx="-354.33070866141" originy="-118.11023622047" rotation="90" />
    <line layer="TOP_ASSEMBLY" originx="-430.31496062992" originy="75.984251968503" endx="75.984251968503" endy="75.984251968503" width="3.9370078740157" />
    <line layer="TOP_ASSEMBLY" originx="75.984251968503" originy="75.984251968503" endx="75.984251968503" endy="-194.09448818897" width="3.9370078740157" />
    <line layer="TOP_ASSEMBLY" originx="75.984251968503" originy="-194.09448818897" endx="-430.31496062992" endy="-194.09448818897" width="3.9370078740157" />
    <line layer="TOP_ASSEMBLY" originx="-430.31496062992" originy="-194.09448818897" endx="-430.31496062992" endy="75.984251968503" width="3.9370078740157" />
    <line layer="TOP_SILKSCREEN" originx="-430.31496062992" originy="75.984251968503" endx="75.984251968503" endy="75.984251968503" width="7.8740157480314" />
    <line layer="TOP_SILKSCREEN" originx="75.984251968503" originy="75.984251968503" endx="75.984251968503" endy="-194.09448818897" width="7.8740157480314" />
    <line layer="TOP_SILKSCREEN" originx="75.984251968503" originy="-194.09448818897" endx="-430.31496062992" endy="-194.09448818897" width="7.8740157480314" />
    <line layer="TOP_SILKSCREEN" originx="-430.31496062992" originy="-194.09448818897" endx="-430.31496062992" endy="75.984251968503" width="7.8740157480314" />
    <line layer="TOP_PLACE_BOUND" originx="-531.49606299212" originy="150.9842519685" endx="177.16535433071" endy="150.9842519685" width="3.9370078740157" />
    <line layer="TOP_PLACE_BOUND" originx="177.16535433071" originy="150.9842519685" endx="177.16535433071" endy="-269.09448818897" width="3.9370078740157" />
    <line layer="TOP_PLACE_BOUND" originx="177.16535433071" originy="-269.09448818897" endx="-531.49606299212" endy="-269.09448818897" width="3.9370078740157" />
    <line layer="TOP_PLACE_BOUND" originx="-531.49606299212" originy="-269.09448818897" endx="-531.49606299212" endy="150.9842519685" width="3.9370078740157" />
    <line layer="TOP_ASSEMBLY" originx="75.984251968503" originy="-19.685039370078" endx="98.425196850392" endy="-19.685039370078" width="3.9370078740157" />
    <line layer="TOP_ASSEMBLY" originx="98.425196850392" originy="-19.685039370078" endx="98.425196850392" endy="19.685039370078" width="3.9370078740157" />
    <line layer="TOP_ASSEMBLY" originx="98.425196850392" originy="19.685039370078" endx="137.79527559055" endy="-3.9370078740157" width="3.9370078740157" />
    <line layer="TOP_ASSEMBLY" originx="137.79527559055" originy="-3.9370078740157" endx="137.79527559055" endy="-59.055118110235" width="3.9370078740157" />
    <line layer="TOP_ASSEMBLY" originx="137.79527559055" originy="-59.055118110235" endx="98.425196850392" endy="-98.425196850392" width="3.9370078740157" />
    <line layer="TOP_ASSEMBLY" originx="98.425196850392" originy="-98.425196850392" endx="98.425196850392" endy="-59.055118110235" width="3.9370078740157" />
    <line layer="TOP_ASSEMBLY" originx="98.425196850392" originy="-59.055118110235" endx="75.984251968503" endy="-59.055118110235" width="3.9370078740157" />
    <line layer="TOP_ASSEMBLY" originx="-430.31496062992" originy="-19.685039370078" endx="-452.75590551181" endy="-19.685039370078" width="3.9370078740157" />
    <line layer="TOP_ASSEMBLY" originx="-452.75590551181" originy="-19.685039370078" endx="-452.75590551181" endy="19.685039370078" width="3.9370078740157" />
    <line layer="TOP_ASSEMBLY" originx="-452.75590551181" originy="19.685039370078" endx="-492.12598425196" endy="-19.685039370078" width="3.9370078740157" />
    <line layer="TOP_ASSEMBLY" originx="-492.12598425196" originy="-19.685039370078" endx="-492.12598425196" endy="-59.055118110235" width="3.9370078740157" />
    <line layer="TOP_ASSEMBLY" originx="-492.12598425196" originy="-59.055118110235" endx="-452.75590551181" endy="-98.425196850392" width="3.9370078740157" />
    <line layer="TOP_ASSEMBLY" originx="-452.75590551181" originy="-98.425196850392" endx="-452.75590551181" endy="-59.055118110235" width="3.9370078740157" />
    <line layer="TOP_ASSEMBLY" originx="-452.75590551181" originy="-59.055118110235" endx="-430.31496062992" endy="-59.055118110235" width="3.9370078740157" />
    <line layer="TOP_ASSEMBLY" originx="-374.01574803149" originy="75.984251968503" endx="-374.01574803149" endy="111.61417322835" width="3.9370078740157" />
    <line layer="TOP_ASSEMBLY" originx="-374.01574803149" originy="111.61417322835" endx="-334.64566929133" endy="111.61417322835" width="3.9370078740157" />
    <line layer="TOP_ASSEMBLY" originx="-334.64566929133" originy="111.61417322835" endx="-334.64566929133" endy="75.984251968503" width="3.9370078740157" />
    <line layer="TOP_ASSEMBLY" originx="-196.85039370078" originy="-194.09448818897" endx="-196.85039370078" endy="-229.72440944882" width="3.9370078740157" />
    <line layer="TOP_ASSEMBLY" originx="-196.85039370078" originy="-229.72440944882" endx="-157.48031496063" endy="-229.72440944882" width="3.9370078740157" />
    <line layer="TOP_ASSEMBLY" originx="-157.48031496063" originy="-229.72440944882" endx="-157.48031496063" endy="-194.09448818897" width="3.9370078740157" />
    <line layer="TOP_SILKSCREEN" originx="75.984251968503" originy="-19.685039370078" endx="98.425196850392" endy="-19.685039370078" width="7.8740157480314" />
    <line layer="TOP_SILKSCREEN" originx="98.425196850392" originy="-19.685039370078" endx="98.425196850392" endy="19.685039370078" width="7.8740157480314" />
    <line layer="TOP_SILKSCREEN" originx="98.425196850392" originy="19.685039370078" endx="137.79527559055" endy="-3.9370078740157" width="7.8740157480314" />
    <line layer="TOP_SILKSCREEN" originx="137.79527559055" originy="-3.9370078740157" endx="137.79527559055" endy="-59.055118110235" width="7.8740157480314" />
    <line layer="TOP_SILKSCREEN" originx="137.79527559055" originy="-59.055118110235" endx="98.425196850392" endy="-98.425196850392" width="7.8740157480314" />
    <line layer="TOP_SILKSCREEN" originx="98.425196850392" originy="-98.425196850392" endx="98.425196850392" endy="-59.055118110235" width="7.8740157480314" />
    <line layer="TOP_SILKSCREEN" originx="98.425196850392" originy="-59.055118110235" endx="75.984251968503" endy="-59.055118110235" width="7.8740157480314" />
    <line layer="TOP_SILKSCREEN" originx="-374.01574803149" originy="75.984251968503" endx="-374.01574803149" endy="111.61417322835" width="7.8740157480314" />
    <line layer="TOP_SILKSCREEN" originx="-374.01574803149" originy="111.61417322835" endx="-334.64566929133" endy="111.61417322835" width="7.8740157480314" />
    <line layer="TOP_SILKSCREEN" originx="-334.64566929133" originy="111.61417322835" endx="-334.64566929133" endy="75.984251968503" width="7.8740157480314" />
    <line layer="TOP_SILKSCREEN" originx="-196.85039370078" originy="-194.09448818897" endx="-196.85039370078" endy="-229.72440944882" width="7.8740157480314" />
    <line layer="TOP_SILKSCREEN" originx="-196.85039370078" originy="-229.72440944882" endx="-157.48031496063" endy="-229.72440944882" width="7.8740157480314" />
    <line layer="TOP_SILKSCREEN" originx="-157.48031496063" originy="-229.72440944882" endx="-157.48031496063" endy="-194.09448818897" width="7.8740157480314" />
    <line layer="TOP_SILKSCREEN" originx="-430.31496062992" originy="-19.685039370078" endx="-452.75590551181" endy="-19.685039370078" width="7.8740157480314" />
    <line layer="TOP_SILKSCREEN" originx="-452.75590551181" originy="-19.685039370078" endx="-452.75590551181" endy="19.685039370078" width="7.8740157480314" />
    <line layer="TOP_SILKSCREEN" originx="-452.75590551181" originy="19.685039370078" endx="-492.12598425196" endy="-19.685039370078" width="7.8740157480314" />
    <line layer="TOP_SILKSCREEN" originx="-492.12598425196" originy="-19.685039370078" endx="-492.12598425196" endy="-59.055118110235" width="7.8740157480314" />
    <line layer="TOP_SILKSCREEN" originx="-492.12598425196" originy="-59.055118110235" endx="-452.75590551181" endy="-98.425196850392" width="7.8740157480314" />
    <line layer="TOP_SILKSCREEN" originx="-452.75590551181" originy="-98.425196850392" endx="-452.75590551181" endy="-59.055118110235" width="7.8740157480314" />
    <line layer="TOP_SILKSCREEN" originx="-452.75590551181" originy="-59.055118110235" endx="-430.31496062992" endy="-59.055118110235" width="7.8740157480314" />
    <line layer="TOP_SILKSCREEN" originx="0" originy="98.425196850392" endx="0" endy="98.425196850392" width="3.9370078740157" />
    <arc layer="TOP_SILKSCREEN" originx="1.6391087961985E-15" originy="100.3937007874" startangle="-90.0" sweepangle="180.0" radius="1.9685039370079" width="3.9370078740157" />
    <line layer="TOP_SILKSCREEN" originx="0" originy="102.36220472441" endx="0" endy="102.36220472441" width="3.9370078740157" />
    <arc layer="TOP_SILKSCREEN" originx="1.6391087961985E-15" originy="100.3937007874" startangle="90.0" sweepangle="180.0" radius="1.9685039370079" width="3.9370078740157" />
  </footprint>
  <symbol name="3-794632-8" originx="0" originy="0">
    <line originx="200" originy="100" endx="600" endy="100" width="0" />
    <line originx="600" originy="-400" endx="600" endy="100" width="0" />
    <line originx="600" originy="-400" endx="200" endy="-400" width="0" />
    <line originx="200" originy="100" endx="200" endy="-400" width="0" />
    <sympin number="1" originx="600" originy="-300" rotation="0" length="100" width="7.8740157480315" flipped="False">
      <text name="pinname" originx="570" originy="-300" style="Default" rotation="0" justify="right" flipped="False" hidden="False" data="1" />
      <text name="pindes" originx="660" originy="-280" style="Default" rotation="0" justify="lowerleft" flipped="False" hidden="False" data="1" />
    </sympin>
    <sympin number="2" originx="200" originy="-300" rotation="180" length="100" width="7.8740157480315" flipped="False">
      <text name="pinname" originx="230" originy="-300" style="Default" rotation="0" justify="left" flipped="False" hidden="False" data="2" />
      <text name="pindes" originx="140" originy="-280" style="Default" rotation="0" justify="lowerright" flipped="False" hidden="False" data="2" />
    </sympin>
    <sympin number="3" originx="600" originy="-200" rotation="0" length="100" width="7.8740157480315" flipped="False">
      <text name="pinname" originx="570" originy="-200" style="Default" rotation="0" justify="right" flipped="False" hidden="False" data="3" />
      <text name="pindes" originx="660" originy="-180" style="Default" rotation="0" justify="lowerleft" flipped="False" hidden="False" data="3" />
    </sympin>
    <sympin number="4" originx="200" originy="-200" rotation="180" length="100" width="7.8740157480315" flipped="False">
      <text name="pinname" originx="230" originy="-200" style="Default" rotation="0" justify="left" flipped="False" hidden="False" data="4" />
      <text name="pindes" originx="140" originy="-180" style="Default" rotation="0" justify="lowerright" flipped="False" hidden="False" data="4" />
    </sympin>
    <sympin number="5" originx="600" originy="-100" rotation="0" length="100" width="7.8740157480315" flipped="False">
      <text name="pinname" originx="570" originy="-100" style="Default" rotation="0" justify="right" flipped="False" hidden="False" data="5" />
      <text name="pindes" originx="660" originy="-80" style="Default" rotation="0" justify="lowerleft" flipped="False" hidden="False" data="5" />
    </sympin>
    <sympin number="6" originx="200" originy="-100" rotation="180" length="100" width="7.8740157480315" flipped="False">
      <text name="pinname" originx="230" originy="-100" style="Default" rotation="0" justify="left" flipped="False" hidden="False" data="6" />
      <text name="pindes" originx="140" originy="-80" style="Default" rotation="0" justify="lowerright" flipped="False" hidden="False" data="6" />
    </sympin>
    <sympin number="7" originx="600" originy="0" rotation="0" length="100" width="7.8740157480315" flipped="False">
      <text name="pinname" originx="570" originy="0" style="Default" rotation="0" justify="right" flipped="False" hidden="False" data="7" />
      <text name="pindes" originx="660" originy="20" style="Default" rotation="0" justify="lowerleft" flipped="False" hidden="False" data="7" />
    </sympin>
    <sympin number="8" originx="200" originy="0" rotation="180" length="100" width="7.8740157480315" flipped="False">
      <text name="pinname" originx="230" originy="0" style="Default" rotation="0" justify="left" flipped="False" hidden="False" data="8" />
      <text name="pindes" originx="140" originy="20" style="Default" rotation="0" justify="lowerright" flipped="False" hidden="False" data="8" />
    </sympin>
  </symbol>
  <component name="3-794632-8" designatorprefix="J" height="371.65354330708" footprint="37946328">
    <comppin designator="1" sympin="1" pinswap="0" gateswap="0" gate="1" group="1" side="" type="Any" name="1" />
    <comppin designator="2" sympin="2" pinswap="0" gateswap="0" gate="1" group="1" side="" type="Any" name="2" />
    <comppin designator="3" sympin="3" pinswap="0" gateswap="0" gate="1" group="1" side="" type="Any" name="3" />
    <comppin designator="4" sympin="4" pinswap="0" gateswap="0" gate="1" group="1" side="" type="Any" name="4" />
    <comppin designator="5" sympin="5" pinswap="0" gateswap="0" gate="1" group="1" side="" type="Any" name="5" />
    <comppin designator="6" sympin="6" pinswap="0" gateswap="0" gate="1" group="1" side="" type="Any" name="6" />
    <comppin designator="7" sympin="7" pinswap="0" gateswap="0" gate="1" group="1" side="" type="Any" name="7" />
    <comppin designator="8" sympin="8" pinswap="0" gateswap="0" gate="1" group="1" side="" type="Any" name="8" />
    <attached_symbol gate="1" name="3-794632-8" />
    <pinmap designator="1" footprintpin="1" />
    <pinmap designator="2" footprintpin="2" />
    <pinmap designator="3" footprintpin="3" />
    <pinmap designator="4" footprintpin="4" />
    <pinmap designator="5" footprintpin="5" />
    <pinmap designator="6" footprintpin="6" />
    <pinmap designator="7" footprintpin="7" />
    <pinmap designator="8" footprintpin="8" />
    <text name="Datasheet" originx="0" originy="0" style="Default" rotation="0" justify="" flipped="False" hidden="True" data="https://www.te.com/commerce/DocumentDelivery/DDEController?Action=showdoc&amp;DocId=Customer Drawing794632E5pdfEnglishENG_CD_794632_E5.pdf3-794632-8" />
    <text name="Description" originx="0" originy="0" style="Default" rotation="0" justify="" flipped="False" hidden="True" data="Rectangular Power Connectors, Header, Plug, Wire-to-Board, 8 Position, 3 mm [.118 in] Centerline, Printed Circuit Board, UL 94V-0, Micro MATE-N-LOK " />
    <text name="Mouser Part Number" originx="0" originy="0" style="Default" rotation="0" justify="" flipped="False" hidden="True" data="571-3-794632-8" />
    <text name="Mouser Price/Stock" originx="0" originy="0" style="Default" rotation="0" justify="" flipped="False" hidden="True" data="https://www.mouser.co.uk/ProductDetail/TE-Connectivity-AMP/3-794632-8?qs=NgQsWEdBC4ddimdXLdgoFA%3D%3D" />
    <text name="Manufacturer_Name" originx="0" originy="0" style="Default" rotation="0" justify="" flipped="False" hidden="True" data="TE Connectivity" />
    <text name="Manufacturer_Part_Number" originx="650" originy="200" style="Default" rotation="0" justify="left" flipped="False" hidden="False" data="3-794632-8" />
  </component>
</quadcept_library>
